allis1988	https://www.connectfour.net/Files/connect4.pdf
allis1994	https://project.dke.maastrichtuniversity.nl/games/files/phd/allis_thesis.pdf
allis-gomoku1996	https://onlinelibrary.wiley.com/doi/10.1111/j.1467-8640.1996.tb00250.x
allis-pns1994	https://www.sciencedirect.com/science/article/pii/0004370294900043
applegate-sprouts1991	https://www.cs.cmu.edu/~sleator/papers/Sprouts.htm
ascher-mutorere1987	https://www.jstor.org/stable/2690367
beasley-pegsolitaire1985	https://www.worldcat.org/oclc/12723691
berlekamp-dotsandboxes2000	https://www.routledge.com/The-Dots-and-Boxes-Game-Sophisticated-Childs-Play/Berlekamp/p/book/9781568811291
bcg2001	https://www.routledge.com/Winning-Ways-for-Your-Mathematical-Plays-Volume-1/Berlekamp-Conway-Guy/p/book/9781568811307
bjarnason-klondike2009	https://aaai.org/papers/icaps09-026-lower-bounding-klondike-solitaire-with-monte-carlo-planning/
bouton1901	https://www.jstor.org/stable/1967631
bowling2015	https://www.science.org/doi/10.1126/science.1259433
brown-libratus2018	https://www.science.org/doi/10.1126/science.aao1733
conway1976	https://www.routledge.com/On-Numbers-and-Games/Conway/p/book/9781568811277
demaine-phutball2002	https://arxiv.org/abs/cs/0008025
feinstein-othello6x61993	https://www.britishothello.org.uk/newsletter/199308.pdf
gale1979	https://www.jstor.org/stable/2320146
gardner-hexapawn1962	https://www.scientificamerican.com/article/mathematical-games-1962-03/
gasser1996	https://www.sciencedirect.com/science/article/pii/0304397595001640
glendenning-quoridor2005	https://digitalcommons.csbsju.edu/honors_thesis/
glenn-yahtzee2006	https://www.cs.umd.edu/~jglenn/research/optimal_yahtzee.pdf
grundy1939	https://archive.org/details/in.ernet.dli.2015.2199
guy-smith1956	https://www.cambridge.org/core/journals/mathematical-proceedings-of-the-cambridge-philosophical-society/article/abs/g-values-of-various-games/
hayward-hex2009	https://webdocs.cs.ualberta.ca/~hayward/papers/solve9.pdf
hearn-demaine2009	https://www.routledge.com/Games-Puzzles-and-Computation/Hearn-Demaine/p/book/9781568813226
irving-kalah2000	https://www.icga.org/icga/journal/contents/v23n3.htm
irving-pentago2014	https://arxiv.org/abs/1404.0743
knuth1977	https://www.sciencedirect.com/science/article/pii/0004370275900193
lehman1964	https://epubs.siam.org/doi/10.1137/0112057
lomonosov2012	https://chessok.com/?page_id=27966
mead-sim1974	https://www.jstor.org/stable/27957976
michie-menace1963	https://www.tjmccarthy.org/files/MENACE.pdf
moravcik-deepstack2017	https://www.science.org/doi/10.1126/science.aam6960
nash-hex	https://www.rand.org/pubs/documents/D1164.html
patashnik1980	https://www.jstor.org/stable/2689613
plambeck-notakto2013	https://arxiv.org/abs/1301.1672
ratner-warmuth1990	https://www.sciencedirect.com/science/article/pii/S0747717108800015
rokicki2014	https://tomas.rokicki.com/rubik20.pdf
romein-bal2003	https://www.cs.vu.nl/~kielmann/papers/jav-awari.pdf
saffidine-breakthrough2012	https://www.lamsade.dauphine.fr/~cazenave/papers/breakthrough.pdf
schadd-fanorona2008	https://project.dke.maastrichtuniversity.nl/games/files/articles/MSc_thesis_Schadd.pdf
schaefer1978	https://www.sciencedirect.com/science/article/pii/0022000078900458
schaeffer2007	https://www.science.org/doi/10.1126/science.1144079
schensted-titus1975	https://www.jstor.org/stable/i23693477
shannon1950	https://www.computerhistory.org/chess/doc-431614f453dde/
silver-alphago2016	https://www.nature.com/articles/nature16961
silver-alphazero2018	https://www.science.org/doi/10.1126/science.aar6404
sprague1935	https://eudml.org/doc/168796
takizawa2023	https://arxiv.org/abs/2310.19387
tanaka-quixo2020	https://arxiv.org/abs/2007.15895
tesauro1995	https://www.bkgm.com/articles/tesauro/tdgammon.html
thompson1986	https://www.icga.org/icga/journal/
tromp-connectfour	https://tromp.github.io/c4/c4.html
uiterwijk-domineering2016	https://www.sciencedirect.com/science/article/pii/S0304397516300354
vandenherik2002	https://www.sciencedirect.com/science/article/pii/S0304397501001528
vanderwerf-go2003	https://project.dke.maastrichtuniversity.nl/games/files/articles/Go_Solved.pdf
watkins-losingchess2016	https://magma.maths.usyd.edu.au/users/watkins/papers/losingchess.pdf
wagner-virag2001	https://www.combinatorics.org/ojs/index.php/eljc/article/view/v8i1n1
wythoff1907	https://archive.org/details/wythoff1907
anderson-feil1998	https://www.jstor.org/stable/2691555
culberson-sokoban1999	https://webdocs.cs.ualberta.ca/~joe/Preprints/Sokoban/paper.pdf
demaine-rushhour2002	https://erikdemaine.org/papers/Rushhour_TR2002/
gardner-tower-of-hanoi	https://www.scientificamerican.com/article/mathematical-games-1957-09/
gasser-laskermorris1996	https://www.sciencedirect.com/science/article/pii/0304397595002174
herik-dao2002	https://project.dke.maastrichtuniversity.nl/games/files/articles/Dao.pdf
kaye-minesweeper2000	https://web.mat.bham.ac.uk/R.W.Kaye/minesw/minesw.pdf
lichtenstein-sipser1980	https://dl.acm.org/doi/10.1145/322264.322272
loh-poly-y	https://arxiv.org/abs/1306.0144
nievergelt-pylos	https://www.researchgate.net/publication/220461921_Pylos
patashnik1976	https://www.jstor.org/stable/2689980
ratner-warmuth-sliding	https://www.sciencedirect.com/science/article/pii/S0747717108800015
reisch-hex1981	https://link.springer.com/article/10.1007/BF00288536
schadd-connect6	https://www.sciencedirect.com/science/article/pii/S0304397508009335
selman-sudoku2003	https://www-imai.is.s.u-tokyo.ac.jp/~yato/data2/SIGAL87-2.pdf
slitherlink-np	https://www-imai.is.s.u-tokyo.ac.jp/~yato/data2/SIGAL87-2.pdf
thompson-bridge	https://www.cs.cmu.edu/~bridge/
ueda-skat2009	https://www.aaai.org/ocs/index.php/AAAI/AAAI10/paper/view/1822
winning-ways-hackenbush	https://www.routledge.com/Winning-Ways-for-Your-Mathematical-Plays-Volume-1/Berlekamp-Conway-Guy/p/book/9781568811307
yoshizoe-hanabi	https://arxiv.org/abs/1902.00506
zermelo1913	https://link.springer.com/chapter/10.1007/978-3-642-21810-6_4
